id,age,gender,race,ethnicity,time,feedback
1,42,Female,White,Non-Hispanic,750.752,"I counted the boxes to see if the red character could even possibly get to the star in under 10 moves or not, regardless of the box or blue character, and then used this information toward my decisions about whether or not the red character could have gotten to the star if the blue character wasn't there."
2,36,Male,White,Non-Hispanic,572.552,I considered the number of steps needed to make it to the goal and whether the blue figure was helpful or harmful
3,44,Female,White,Non-Hispanic,657.559,If they could had made it without the interference of the blue one
4,32,Male,Asian,Non-Hispanic,703.09,I tried to count the number of steps it would have taken the red player to win the game if the blue player wasn't there.
5,46,Female,White,Non-Hispanic,695.285,no
6,31,Female,Black/African American,Non-Hispanic,999.643,I felt like just seeing how the game moved and each player moved as well as counting spaces and seeing what could have happened regardless of each scenario is what helped me to respond. I think this was interesting to see this played out and this was very different. 
7,34,Female,White,Non-Hispanic,693.475,I decided based on how red acted before blue moved or did not move the block and how likely it was that red would make it in the alloted amount of moves
8,29,Female,White,Non-Hispanic,948.607,If winning was possible without intervention and if losing was inevitable with or without intervention
9,29,Female,Black/African American,Non-Hispanic,1165.384,How many steps the red player had left and also alternate routes had the blue player not been there
10,34,Male,White,Non-Hispanic,1103.392,I counted the boxes and possible routes first.
11,31,Female,White,Hispanic,464.164,How many extra moves the red player had to make when the blue player hindered them from reaching the star.
12,29,Male,White,Non-Hispanic,726.139,
13,64,Female,White,Non-Hispanic,1565.814,"I counted the squares necessary to reach the star (had to be 10 or less) and whether it could be done, (ignoring blue) if there were no blocks or walls preventing success."
14,38,Male,White,Non-Hispanic,568.138,"I was influenced by how many boxes lay between the red player and the star. I was also influenced by whether or not the blue player's choices to push, pull, or leave a box alone represented the only possible route the red player could have taken to reach the star within the time limit (e.g., ten blocks or not)."
15,58,Female,White,Non-Hispanic,1022.663,"I counted how many squares that the red player would have to go through to reach goal. If it was less than 10, then the red player could have succeeded without the help of the blue player."
16,33,Male,Black/African American,Non-Hispanic,1323.281,I JUST WATCHED THE VIDEO 
17,32,Male,White,Non-Hispanic,703.441,none
18,48,Male,White,Non-Hispanic,766.307,"The red player didn't always take the most logical or efficient path, which began to explain why the unsure"" option was available"""
19,29,Male,White,Non-Hispanic,326.631,On if the red player could have progressed to win without the blue player being involved.
20,49,Female,Black/African American,Non-Hispanic,1429.525,How many steps had to be taken before getting to the star and if blue was helpful or un helpful 
21,27,Male,White,Non-Hispanic,647.059,mostly based on how many numbers I presumed it would take
22,32,Male,White,Non-Hispanic,753.985,the blue players choice to move the box and the distance to the star
23,50,Male,White,Non-Hispanic,334.814,
24,33,Male,other_race,Hispanic,1644.655,
25,29,Female,White,Non-Hispanic,625.978,
26,31,Male,Black/African American,Non-Hispanic,739.757,
27,57,Female,White,Non-Hispanic,994.73,"I think I got better after the first five or so games. I think my mind needed time to adjust its thinking. I think this experiment/game takes methodical, patient thinking--but it's not too hard if you do that. Sometimes the blue guy helped by moving the box out of the way. Other times not. Other times it wouldn't matter because red guy took too long to get there  etc."""
28,37,Non-binary,Asian,Non-Hispanic,668.147,"I basically tried to count the shortest possible route without requiring blue, and assumed that red would have used that route. In some cases, it wouldn't have been possible either way. No issues with the experiment, although I did initially assume the blue player's goal was to also reach the star."
29,32,Male,Black/African American,Non-Hispanic,813.172,"The factors included the route/steps the red player had to take to get to the star; and whether the box was blocking the direct path to the star, regardless of the blue player being present or not."
30,49,Female,Black/African American,Non-Hispanic,1465.636,I used the number of steps left for the red player and how free its route to the star was.
31,51,Male,Black/African American,Non-Hispanic,557.635,
32,20,Male,Multiracial,Hispanic,432.062,Depending on where the box was located.
33,24,Female,White,Hispanic,1232.217,I based this on the potential paths that the red player could have chosen.
34,29,Female,Asian,Non-Hispanic,485.696,I remembered the instructions and my guess. 
35,55,Female,White,Non-Hispanic,870.973,if the blue moved the block or not and if it made no difference in the path of the red
36,29,Female,Black/African American,Non-Hispanic,1601.688,The number of blocks red had available to reach the star
37,32,Female,Black/African American,Non-Hispanic,947.7,"I determined was it even possible to make it to the star in 10 steps if the boxes couldn't be moved. If the red player couldn't make it to the star anyway, the answer was No."""""
38,66,Male,White,Non-Hispanic,1418.138,"Mostly it was obvious, in some cases it was physically impossible for red to win without blues help and in some cases blue clearly prevented a win when otherwise red could have made it. In some cases reds decisions were not optimal and they could have won but for a bad decision. In those cases I was some degree of unsure."
39,28,Female,Black/African American,Non-Hispanic,1047.818,I counted the boxes to how long the red box would take to get to the star if the blue box wasn't there to make my decision
40,33,Male,Asian,Non-Hispanic,474.479,whether it was mathematically possible to reach the star assuming the blue player did not exist
41,39,Male,White,,900.945,I counted along the way to see if red had any feasible chance of reaching the star. 
42,36,Female,White,Hispanic,743.126,"I counted out the spaces (time steps) from the red guy to the star and if it was ten or less, I knew it wouldn't matter if the blue guy was there. "
43,43,Male,White,Non-Hispanic,741.768,"I assumed that if the blue player was not there, the red player would have made the move that would ensure success if possible. In the cases where the blue player could have helped the red player, but did not, the red player would not 'assume' this help if they were not present.   I enjoyed this study and I would be interested in participating in more if they are available. "
44,50,Female,White,Hispanic,1767.34,My decisions were mostly based on whether or not the blue character was hindering the red character. It would sometimes close off or open up an opening to make the star accessible. So it was boiled down to the behavior of the blue character.
45,53,Female,White,Non-Hispanic,936.231,"I figured out if it was first possible for the red dot to complete the task successfully without blue intervention. If it could be done, then yes the red dot could have success. If blue aided, then no the red would not have been successful. "
46,55,Female,White,Non-Hispanic,1550.125,"I tried to plot out the route of the red player before clicking on the arrow to advance the movements, and made my decisions that way."
47,44,Female,Asian,Non-Hispanic,581.025,common sense.
48,22,Female,Asian,Non-Hispanic,648.187,The steps left and the location of the star. 
49,34,Male,White,Non-Hispanic,538.558,To see the previous logistical choice of movement by the red player and if it was even feasible if optimal moves were selected.
50,26,,Multiracial,Non-Hispanic,778.088,it seemed equally easy at times for red player to make it without blue players help
