id,trial,int,judge_t1,resp_blue,resp_red
1,11,91,21,4,98
1,3,4,97,97,97
1,8,97,5,3,98
1,2,2,98,98,99
1,9,96,5,1,97
1,12,94,1,5,96
1,1,2,95,93,96
1,6,3,97,98,96
1,5,2,99,98,98
1,10,99,2,2,100
1,7,98,1,1,97
1,4,11,84,96,97
2,12,100,0,0,100
2,8,100,0,0,100
2,1,0,100,12,89
2,11,100,0,0,100
2,10,100,0,0,100
2,5,0,100,50,50
2,6,0,100,26,73
2,9,100,0,0,100
2,4,0,100,49,49
2,7,100,0,0,100
2,2,0,100,25,76
2,3,0,100,27,73
3,1,1,96,100,20
3,3,0,97,100,7
3,11,100,0,0,100
3,12,100,0,0,100
3,6,0,100,83,22
3,7,100,0,0,76
3,10,100,0,0,100
3,9,100,0,0,100
3,2,0,100,100,0
3,5,0,100,57,41
3,4,0,100,65,48
3,8,90,0,22,65
4,7,80,44,24,100
4,8,92,28,27,84
4,9,98,23,25,100
4,6,0,100,100,3
4,12,89,65,25,100
4,10,100,30,13,100
4,4,10,100,100,16
4,1,11,45,99,14
4,5,11,100,100,23
4,2,13,71,84,17
4,11,93,15,92,22
4,3,44,39,57,38
5,12,100,3,1,99
5,9,100,95,2,97
5,5,0,100,100,1
5,6,0,100,98,0
5,4,1,99,100,0
5,7,100,2,0,100
5,10,100,5,2,97
5,3,0,100,100,2
5,8,100,0,0,100
5,1,0,100,100,5
5,11,100,3,0,100
5,2,0,100,98,4
6,3,99,98,99,98
6,6,99,99,99,99
6,9,98,1,100,98
6,4,1,100,99,72
6,5,1,98,100,81
6,12,100,1,1,99
6,7,1,1,97,67
6,2,2,97,98,1
6,1,99,98,1,99
6,11,100,1,1,99
6,8,1,2,97,74
6,10,2,1,99,1
7,6,0,99,99,0
7,12,99,0,0,99
7,5,1,99,100,0
7,8,99,1,1,100
7,7,99,1,0,100
7,3,1,99,99,1
7,10,99,1,1,99
7,9,99,0,9,91
7,4,15,100,89,14
7,2,1,99,100,0
7,11,100,1,0,98
7,1,0,100,99,1
8,11,100,0,100,61
8,1,100,100,100,70
8,3,100,100,0,100
8,8,0,0,100,71
8,6,0,100,100,84
8,12,100,0,0,82
8,2,0,100,100,69
8,5,100,100,0,100
8,7,0,0,89,65
8,4,0,100,100,66
8,9,100,0,0,100
8,10,0,0,100,74
9,3,100,86,99,73
9,10,0,2,94,90
9,8,59,1,1,100
9,6,98,98,0,99
9,9,1,1,95,92
9,11,99,2,0,99
9,12,98,2,7,98
9,2,100,97,0,97
9,7,0,3,100,93
9,1,98,98,11,100
9,5,1,95,89,95
9,4,2,98,98,83
10,1,99,99,88,11
10,5,100,100,87,12
10,10,0,0,89,67
10,3,0,100,90,72
10,8,86,0,0,100
10,11,0,0,86,65
10,2,100,100,0,100
10,7,100,0,0,100
10,12,0,1,88,69
10,9,100,0,0,100
10,4,100,100,0,99
10,6,100,100,0,100
11,1,92,61,70,72
11,6,26,81,65,38
11,3,10,53,73,79
11,2,16,79,34,76
11,8,98,6,6,91
11,10,50,2,2,70
11,4,49,94,28,78
11,5,4,85,65,76
11,7,50,2,29,78
11,12,49,2,4,79
11,9,49,1,10,87
11,11,50,1,2,84
12,5,99,100,70,70
12,6,0,100,51,100
12,8,0,0,50,100
12,10,100,20,1,100
12,11,100,0,0,100
12,2,100,100,0,100
12,4,0,100,51,100
12,1,0,100,49,100
12,9,0,0,50,99
12,12,100,0,0,100
12,3,100,100,1,100
12,7,0,0,93,16
13,11,92,0,90,85
13,7,100,0,0,100
13,9,100,0,0,100
13,8,100,0,0,100
13,10,100,0,0,100
13,4,0,100,100,0
13,3,0,79,100,0
13,6,0,100,100,0
13,12,100,16,0,100
13,1,0,99,100,75
13,2,0,76,100,100
13,5,0,100,100,86
14,3,99,70,98,98
14,7,98,3,55,99
14,11,0,0,95,55
14,12,99,1,2,100
14,10,99,1,1,98
14,5,97,98,43,94
14,2,92,98,14,88
14,6,2,51,49,55
14,9,1,1,25,85
14,8,2,51,98,0
14,4,97,50,51,97
14,1,98,99,49,98
15,4,50,49,17,99
15,6,1,0,41,81
15,1,1,99,39,81
15,2,2,100,48,80
15,9,99,1,1,99
15,7,99,1,1,100
15,10,98,25,2,100
15,12,99,12,0,99
15,5,1,99,68,69
15,11,99,1,1,98
15,8,98,2,1,99
15,3,0,98,50,84
16,3,0,98,88,58
16,1,0,99,84,78
16,9,99,0,0,99
16,5,0,99,99,70
16,4,50,99,9,99
16,2,0,99,95,84
16,7,100,18,0,99
16,10,99,0,0,99
16,6,0,84,77,86
16,11,99,2,0,99
16,12,99,40,2,91
16,8,99,1,0,88
17,1,97,9,80,72
17,5,96,100,75,65
17,2,100,99,76,63
17,10,100,0,85,72
17,8,100,0,75,62
17,3,0,100,100,86
17,7,0,0,32,93
17,6,0,100,35,92
17,4,92,100,0,100
17,9,100,0,0,100
17,11,0,0,32,73
17,12,100,9,0,100
18,10,54,8,57,90
18,12,80,4,8,97
18,8,51,10,54,85
18,5,12,73,90,56
18,7,64,0,9,93
18,4,11,74,58,73
18,11,26,4,69,80
18,2,14,74,84,67
18,9,40,2,71,67
18,1,2,96,73,87
18,6,1,92,98,59
18,3,0,99,70,88
19,4,100,98,91,18
19,3,0,98,34,80
19,10,2,25,49,69
19,5,99,100,1,98
19,8,1,0,51,63
19,9,98,2,3,100
19,7,98,14,2,100
19,1,98,99,3,96
19,11,1,2,53,58
19,6,98,96,2,100
19,2,2,98,39,76
19,12,1,6,34,79
20,7,80,87,13,56
20,11,63,67,39,28
20,2,0,85,55,81
20,8,93,4,21,88
20,5,6,88,72,89
20,4,41,100,75,63
20,1,0,100,63,76
20,6,0,100,41,89
20,3,0,100,52,74
20,10,87,0,9,98
20,9,100,0,7,84
20,12,100,0,0,98
21,1,1,89,71,93
21,12,99,10,2,99
21,11,100,45,2,100
21,3,1,98,79,79
21,9,99,4,2,98
21,7,98,33,1,100
21,6,1,99,92,95
21,5,0,99,90,82
21,8,100,3,1,84
21,2,2,99,85,86
21,4,20,100,85,73
21,10,99,5,2,94
22,1,98,99,91,27
22,2,0,98,96,25
22,8,1,14,98,1
22,6,78,99,32,74
22,5,2,96,91,36
22,7,1,1,91,34
22,11,88,3,10,93
22,12,98,2,7,94
22,3,98,97,9,97
22,4,1,90,100,7
22,10,1,1,96,13
22,9,90,2,8,91
23,1,0,48,100,9
23,10,97,1,18,86
23,7,100,14,6,92
23,11,54,32,49,85
23,9,82,0,38,76
23,6,0,99,100,35
23,2,0,100,99,54
23,3,4,97,100,51
23,4,2,0,96,28
23,8,100,0,7,100
23,12,92,0,21,84
23,5,100,92,92,46
24,5,0,96,73,100
24,6,2,100,81,91
24,9,98,1,3,99
24,4,0,87,82,23
24,11,97,2,1,100
24,1,2,100,40,95
24,10,98,1,2,99
24,12,100,0,0,100
24,2,3,100,50,98
24,8,99,1,0,98
24,3,0,96,17,97
24,7,99,2,2,96
25,5,99,26,76,75
25,1,100,95,71,71
25,8,100,0,79,78
25,11,0,0,100,14
25,10,0,13,100,25
25,3,100,70,0,100
25,4,100,0,0,100
25,7,100,6,1,100
25,12,0,1,100,25
25,6,15,75,100,100
25,9,100,0,0,100
25,2,100,71,0,100
26,7,100,100,98,99
26,10,100,100,100,100
26,9,100,0,100,100
26,3,100,98,100,0
26,4,100,100,100,0
26,2,100,100,100,0
26,12,2,0,0,100
26,1,0,100,0,100
26,6,0,100,0,100
26,5,100,100,0,100
26,8,0,0,100,100
26,11,0,0,100,0
27,9,99,1,1,99
27,10,83,59,38,61
27,3,1,99,98,16
27,6,2,100,16,98
27,7,99,1,1,100
27,1,1,98,22,88
27,11,99,2,2,99
27,8,100,2,2,99
27,2,1,98,4,99
27,12,98,0,16,77
27,4,99,81,1,99
27,5,1,100,25,77
28,8,99,1,1,99
28,9,99,0,1,99
28,2,1,99,99,76
28,12,100,1,1,99
28,10,98,1,2,99
28,11,50,15,66,66
28,5,1,98,99,23
28,6,1,98,99,78
28,3,1,99,99,61
28,1,0,99,99,67
28,7,100,1,1,99
28,4,1,98,47,48
29,12,93,90,91,74
29,7,86,29,90,53
29,8,37,66,88,34
29,1,34,92,82,28
29,11,28,40,80,34
29,5,35,74,68,48
29,2,59,51,75,39
29,4,59,73,53,60
29,3,43,39,77,39
29,9,37,62,70,32
29,6,43,84,67,46
29,10,22,35,80,35
30,4,26,100,91,0
30,3,0,100,100,0
30,5,0,100,100,0
30,10,100,0,0,100
30,7,100,0,100,0
30,6,0,0,100,0
30,1,0,100,100,0
30,2,0,0,100,0
30,9,100,0,0,100
30,11,100,0,0,100
30,12,100,0,0,100
30,8,100,0,0,100
31,3,0,59,96,16
31,6,0,95,100,1
31,1,0,100,82,40
31,7,100,0,2,100
31,5,0,98,88,33
31,4,0,99,97,14
31,10,99,3,1,78
31,11,99,1,21,79
31,8,100,1,14,77
31,2,0,99,77,13
31,12,99,0,10,77
31,9,99,0,10,80
32,2,98,100,100,52
32,12,100,0,99,43
32,3,0,100,100,0
32,6,50,81,0,0
32,7,0,0,0,100
32,9,0,0,100,0
32,5,100,100,0,100
32,4,50,100,52,52
32,10,0,0,100,2
32,8,0,38,46,56
32,11,100,0,0,100
32,1,74,100,0,100
33,3,98,71,94,45
33,6,17,96,85,66
33,7,0,23,97,62
33,2,73,84,10,96
33,12,9,20,88,84
33,10,90,11,15,100
33,4,96,84,0,81
33,8,12,7,88,62
33,5,74,84,61,97
33,11,7,11,89,70
33,1,69,90,46,90
33,9,14,25,87,75
34,4,22,73,50,79
34,8,82,14,22,71
34,5,0,91,80,58
34,12,96,11,2,92
34,7,96,5,2,94
34,1,3,93,90,71
34,6,3,92,80,88
34,2,6,97,74,82
34,9,96,10,4,99
34,10,96,1,4,97
34,11,98,2,1,97
34,3,3,96,71,81
35,7,100,0,0,100
35,12,100,79,0,64
35,5,0,99,100,76
35,6,0,98,100,76
35,4,0,100,100,81
35,2,0,100,100,64
35,1,0,98,100,70
35,11,100,0,0,100
35,10,87,0,0,100
35,8,100,0,0,66
35,3,0,100,100,15
35,9,100,0,0,100
36,12,85,0,0,100
36,1,0,100,99,65
36,5,0,100,100,66
36,9,94,0,0,100
36,10,90,1,0,100
36,3,0,100,98,86
36,2,0,100,100,93
36,11,83,0,100,13
36,7,71,0,49,100
36,6,0,99,100,92
36,8,81,0,52,100
36,4,0,100,100,93
37,10,0,0,99,0
37,2,3,89,29,29
37,3,0,92,89,86
37,12,98,3,2,99
37,1,1,1,98,71
37,9,99,1,1,98
37,7,99,1,1,100
37,4,24,96,79,1
37,11,99,4,7,96
37,8,97,2,1,96
37,6,0,55,99,1
37,5,0,79,100,0
38,12,99,1,1,99
38,2,3,99,91,66
38,1,1,99,73,58
38,7,100,1,1,99
38,8,86,0,0,90
38,10,99,1,1,100
38,5,0,52,76,31
38,6,1,99,75,62
38,9,99,1,1,100
38,11,100,1,1,99
38,3,1,99,73,70
38,4,1,75,76,79
39,4,100,100,96,67
39,2,100,100,100,75
39,8,100,0,100,79
39,1,98,100,100,75
39,7,100,0,100,85
39,5,100,98,100,83
39,6,99,98,98,78
39,10,100,0,100,77
39,3,21,99,100,81
39,12,0,0,100,88
39,11,100,0,1,100
39,9,0,0,98,86
40,2,98,99,99,72
40,9,0,2,100,100
40,4,99,99,1,99
40,10,65,34,58,99
40,1,99,99,1,100
40,11,1,2,84,66
40,5,99,99,8,99
40,3,1,99,65,99
40,8,1,1,82,99
40,6,99,99,1,99
40,12,1,2,69,100
40,7,1,1,66,99
41,1,2,2,50,98
41,2,2,98,39,97
41,10,82,2,4,98
41,12,98,2,10,96
41,6,1,98,10,99
41,8,74,3,50,50
41,4,20,97,24,74
41,5,2,98,51,87
41,7,98,88,7,94
41,9,50,4,63,36
41,3,3,98,52,95
41,11,96,51,77,52
42,12,86,27,53,59
42,2,40,86,58,68
42,1,0,86,82,42
42,4,0,89,71,60
42,11,0,21,71,48
42,9,100,15,56,81
42,7,87,22,55,72
42,10,95,0,49,73
42,5,100,74,72,52
42,6,0,85,59,60
42,3,3,89,65,56
42,8,0,9,53,63
43,11,78,0,23,83
43,10,87,17,9,90
43,4,29,57,65,36
43,7,66,33,14,60
43,6,2,73,88,11
43,12,94,12,7,81
43,1,3,69,91,19
43,3,2,83,95,8
43,5,19,57,78,38
43,9,87,19,8,79
43,8,97,23,11,73
43,2,11,68,84,28
44,7,100,100,9,79
44,9,100,10,25,100
44,4,2,93,98,79
44,10,93,14,16,100
44,3,1,97,99,70
44,1,0,96,99,81
44,8,43,71,75,65
44,6,0,99,98,74
44,11,98,45,37,99
44,5,0,86,98,69
44,2,0,88,99,73
44,12,98,5,16,98
45,9,65,0,31,82
45,7,98,0,2,99
45,12,100,0,1,99
45,11,100,0,0,100
45,5,0,100,100,0
45,10,100,0,0,100
45,3,0,100,100,0
45,1,0,99,100,0
45,8,100,1,16,81
45,6,0,100,100,0
45,4,0,100,100,0
45,2,0,100,100,0
46,3,100,100,100,73
46,11,100,35,100,74
46,1,25,88,80,86
46,2,100,94,10,100
46,4,12,100,83,100
46,10,14,8,85,100
46,9,0,0,77,100
46,6,100,100,0,100
46,7,100,4,0,100
46,8,0,0,83,100
46,5,100,100,0,100
46,12,100,0,0,100
47,7,80,8,70,12
47,5,26,73,54,51
47,8,9,7,61,42
47,9,59,80,30,77
47,12,43,8,69,54
47,2,94,94,6,98
47,1,5,90,62,68
47,6,3,90,83,57
47,3,17,93,78,63
47,4,4,81,69,78
47,10,16,16,82,54
47,11,38,3,53,87
48,4,100,76,100,23
48,8,0,0,50,50
48,1,100,83,0,100
48,5,0,100,100,51
48,7,0,0,100,100
48,10,100,0,0,100
48,11,100,0,0,100
48,9,100,0,0,100
48,2,100,100,0,100
48,6,0,100,50,50
48,3,0,100,50,49
48,12,0,0,52,50
49,9,98,2,1,99
49,6,1,98,69,99
49,10,99,65,1,100
49,4,1,98,64,98
49,11,98,34,44,100
49,12,99,28,0,98
49,1,1,99,59,100
49,2,2,98,61,100
49,5,0,100,61,100
49,3,0,100,59,100
49,7,98,23,47,98
49,8,98,0,0,100
50,6,0,100,100,0
50,12,100,0,0,100
50,11,86,0,58,76
50,5,0,100,100,0
50,2,0,100,100,0
50,3,0,100,100,0
50,7,100,0,0,100
50,8,100,0,0,100
50,4,0,100,100,0
50,1,0,100,100,4
50,9,100,0,0,100
50,10,100,12,0,100
